price,centimes,name
79,€00,LENOVOC2 - Noir
183,€92,LENOVOMoto G4 Plus - Noir
104,€10,LenovoMotorola Moto E3 Xt1700 Noir libre
169,€67,LenovoK6 Note Argent 3+32 Go Double Sim
478,€47,"LenovoMoto Z Play Sim unique 4G 32Go Noir, Gris"
446,€99,"LenovoMoto Z Sim unique 4G 32Go Or, Blanc"
107,€71,LENOVOSmartphone G4 Play Blanc
,,
121,€37,LGK4 2017 - Noir
765,€95,LGV30 - Argent
627,€86,LGG6 - 32 Go - Or
324,€38,LGG6 Platinum H870
749,€00,LGG7 ThinQ - Bleu
748,€10,LGG6 - 32 Go - Blanc
749,€00,LGG7 ThinQ - Bleu + TV 32LK510
330,€87,LGG6 noir H870
299,€00,LGQ7 - Noir
261,€85,LGQ6 - 32 Go - Noir
96,€70,LGM160 K4 2017 Titan
96,€70,LGM160 K4 2017 Noir
96,€98,LGK8 K350n Noir Bleu débloqué
151,€98,LGG Flex 2 H955 titan silver débloqué
113,€90,LGM200 K8 2017 Titan
401,€90,LGG6 - 32 Go - Bleu
91,€72,LGK4 2017 Titan Single Sim M160
113,€50,LGM200 K8 2017 Or
253,€27,LGQ6 - Double SIM - Noir
540,€40,LGV30 4+64 Go Argent H930
138,€20,LGM250N K10 2017 Noir
850,€68,LGV30 4+64 GB Bleu H930
225,€78,LGG4 c H525N Sim unique 4G 8Go Blanc
273,€53,LGG4 H815 32Go cuir noir débloqué
,,
397,€00,HONOR10 - Bleu
216,€49,HONOR6A - Gris
170,€99,HONOR9 Lite - Noir
389,€00,HONOR10 - Noir
170,€99,HONOR9 Lite - Bleu
424,€38,HONORView 10 - Bleu
428,€12,HONORView 10 - Noir
387,€99,HonorView 10 4G+128G - Bleu
328,€99,HonorHuawei 9 Double Sim 4G 64Go Bleu
170,€99,HONOR9 Lite - Gris
176,€99,HONOR7C - Bleu
165,€27,HONOR6A - Argent
153,€30,HONOR7A - Bleu
118,€00,HONOR7S - Noir
174,€99,Honor9 Lite - Noir
387,€99,HonorView 10 4G+128G - Rouge
169,€99,HONOR7C - Noir
118,€00,HONOR7S - Bleu
215,€59,HONOR7X - Noir
390,€99,HonorView 10 4G+64G- Bleu
165,€27,HONOR6A - Or
153,€30,HONOR7A - Noir
215,€59,HONOR7X - Bleu
185,€99,Honor9 Lite 32G - Bleu
,,
229,€99,SONYXperia XZ - 32 Go - Bleu Nuit
229,€99,SONYXperia Z5 - Double SIM - Blanc
150,€04,SonyXperia E5603 M5 noir débloqué
399,€00,SONYXperia XZ1 - Champagne
569,€99,SONYXperia XZ2 - Noir
528,€99,SONYXperia XZ2 Compact - Noir
569,€99,SONYXperia XZ2 - Vert Bleu
298,€00,SONYXperia XA2 - Double SIM - Noir
346,€96,SONYXperia XA2 - Double SIM - Argent
165,€99,SONYXperia L1 - Double SIM - Rose
165,€62,SonyG3312 Xperia L1 Double Sim Blanc
569,€99,SONYXperia XZ2 - Blanc Nacré
299,€00,SONYXperia XZ - 32 Go - Bleu Nuit + 32GB microSDHC Class 10 + SD Adapter
167,€00,SONYG3312 Xperia L1 Double Sim Noir
529,€99,SONYXperia XZ2 Compact - Blanc Argenté
219,€99,SONYXperia XA1 - Double SIM - Blanc
391,€02,SONYXperia XZ1 - Rose
615,€55,SonyXperia Xz1 Compact Noir - Smartphone 4G-LTE Ip68 - Snapdragon 835 Octo-Core 2.45 Ghz - Ram 4 Go - Ecran tactile 4.6' 720 x 1280 - 32 Go - Nfc/Bluetooth 5.0 - 2700 mAh - Android 8.0
378,€41,SONYXperia X Compact - 32 Go - Bleu
379,€00,SONYXperia XA2 Ultra - Double SIM - Noir
768,€64,SONYXperia XZ1 - Noir
590,€51,"SonyXperia Xz Premium 64Go, Noir, Simple Sim"
389,€00,SONYXperia XA2 Ultra - Double SIM - Bleu
379,€99,SONYXperia XA2 Ultra - Double SIM - Or
,,
249,€00,SamsungGalaxy A5 2017 - Noir
369,€00,SamsungGalaxy A8 - Noir Carbone
159,€90,SamsungPack Smartphone J3 2016 - Or
959,€00,SamsungGalaxy Note 8 - Noir Carbone - Version Française
539,€00,SamsungGalaxy S7 - Noir
816,€00,SamsungGalaxy S9 - Bleu Corail
369,€00,SamsungGalaxy A8 - Orchidée
244,€02,SamsungGalaxy A5 2017 - Or
598,€36,SamsungGalaxy S9 - Ultra Violet
679,€00,SamsungGalaxy S8 - Noir Carbone
539,€00,SamsungGalaxy S7 - Or
959,€00,SamsungGalaxy Note 8 - Or Topaze - Version Française
196,€80,"SamsungJ530 Galaxy J5 2017, Or"
719,€00,SamsungGalaxy S9 Plus - Bleu Corail
679,€00,SamsungGalaxy S8 - Argent Polaire
159,€90,SamsungPack Smartphone J3 2016 - Noir
244,€02,SamsungGalaxy A5 2017 - Bleu
627,€70,SamsungGalaxy S8 - Bleu
223,€80,"SamsungA320 Galaxy A3 2017, Gold"
369,€00,SamsungGalaxy A8 - Or Topaze
719,€00,SamsungGalaxy S9 Plus - Noir Carbone
679,€00,SamsungGalaxy S8 - Orchidée
195,€36,"SamsungJ530 Galaxy J5 2017, Noir"
249,€00,SamsungGalaxy A5 2017 - Rose
,,
310,€98,HUAWEIP20 Lite - Bleu
310,€99,HUAWEIP20 Lite - Noir
578,€19,HUAWEIMate 10 Pro - 128 Go - Gris
237,€57,HUAWEIP9 Lite - Blanc
169,€17,HUAWEIHonor 6A Double Sim Gris
256,€14,HUAWEIMate 10 Lite - Noir
777,€00,HuaweiP20 Pro - Noir
589,€99,HUAWEIMate 10 Pro - 128 Go - Bleu
124,€50,HUAWEIY6 2017 - Or
772,€98,HUAWEIP20 Pro - Twilight
155,€82,"HUAWEIP8 Lite 2017, Double Sim Noir"
511,€88,HUAWEIP20 - Bleu
559,€99,HUAWEIP20 - Noir
159,€00,HUAWEINova Plus - 32 Go - Gris Titane
119,€50,HUAWEIY6 Pro 2017 - Argent
120,€90,"HuaweiY6 2017, Double Sim Blanc"
339,€99,HUAWEIP20 Lite - Rose
356,€49,HUAWEIP10 Lite - 32 Go - Bleu
148,€00,HUAWEIY6 2018 - Bleu
249,€38,HUAWEIMate 10 Lite - Bleu
118,€00,HUAWEIY5 2018 - Double SIM - Bleu
166,€47,HuaweiHonor 6A Double Sim Argent
600,€66,HUAWEIP20 - Rose
124,€50,HUAWEISmartphone Y6 Pro - Noir
,,
389,€00,HonorView 10 4G+64G- Noir
139,€00,HONOR7A - Or
231,€88,HONOR7X - Gris
482,€99,HonorView 10 6G+128G - Bleu
419,€99,HonorView 10 6G+64G - Bleu
469,€00,HONORView 10 - Rouge
119,€00,HONOR7S - Or
399,€99,HonorView 10 4G+128G - Or
185,€99,Honor9 Lite 32G - Noir
242,€98,HONOR8 - Bleu
387,€99,HonorView 10 4G+128G- Rouge
334,€86,HonorHuawei 9 Double Sim 4G 64Go Gris
185,€99,Honor9 Lite 32G - Gris
271,€39,HONOR6X - Silver
269,€11,HONOR5C - Noir et Gris
236,€00,Honor9 Lite 64G - Noir
236,€00,Honor9 Lite 64G - Bleu
419,€99,HonorView 10 6G+64G - Rouge
181,€59,HONOR6C Pro - Bleu
175,€99,Honor9 Lite - Bleu
179,€90,HONOR6C - Gris
482,€99,HonorView 10 6G+128G - Rouge
482,€99,HonorView 10 6G+128G- Rouge
271,€39,HONOR6X - Grey
,,
298,€00,SONYXperia XA2 - Double SIM - Bleu
379,€99,SONYXperia XA2 Ultra - Double SIM - Argent
527,€99,SONYXperia XZ2 Compact - Vert Sapin
242,€99,SONYG3112 Xperia XA1 Double Sim Noir
150,€00,SonyF3111 Xperia Xa Blanc
259,€50,SonyXperia Xa1 Double Sim 4G 32Go Rose
199,€30,"SonyG3121 Xperia Xa1 - 32Go, 3Go Ram - Rose"
556,€32,SonyXperia Xz1 Compact Rose - Smartphone 4G-LTE Ip68 - Snapdragon 835 Octo-Core 2.45 Ghz - Ram 4 Go - Ecran tactile 4.6' 720 x 1280 - 32 Go - Nfc/Bluetooth 5.0 - 2700 mAh - Android 8.0
513,€53,SonyXperia Xz1 Compact Argent - Smartphone 4G-LTE Ip68 - Snapdragon 835 Octo-Core 2.45 Ghz - Ram 4 Go - Ecran tactile 4.6' 720 x 1280 - 32 Go - Nfc/Bluetooth 5.0 - 2700 mAh - Android 8.0
100,€80,SonyXperia E4 E2105 Noir & Blanc
214,€99,SONYXperia L2 - Double SIM - Noir
378,€39,SONYXperia XA1 Ultra - Double Sim - Or
106,€98,SonyXperia E4G E2003 Single Sim noir débloqué
255,€62,SonyXperia X Compact 4G 32Go Noir
558,€33,SonyXperia Xz1 Compact Bleu - Smartphone 4G-LTE Ip68 - Snapdragon 835 Octo-Core 2.45 Ghz - Ram 4 Go - Ecran tactile 4.6' 720 x 1280 - 32 Go - Nfc/Bluetooth 5.0 - 2700 mAh - Android 8.0
321,€74,SonyXperia Xa1 Ultra Double Sim 4G 32Go Blanc
186,€48,SONYXperia XA - Double SIM - Limegold
569,€99,SONYXperia XZ2 - Rose
298,€00,SONYXperia XA2 - Double SIM - Rose
362,€82,SONYXperia XA1 Ultra - Double Sim - Noir
529,€99,SONYXperia XZ2 Compact - Rose
184,€80,SonyXperia Xa1 Noir
378,€39,SONYXperia XA1 Ultra - Double Sim - Rose
345,€68,SonyXperia Xz 4G 32Go Platine
,,
174,€00,LGK220 X Power Noir
278,€60,LGG5 Se or H840
269,€19,LGQ6 - 32 Go - Or
359,€90,LGNexus 5X 32 Go - Blanc
135,€15,LGX Power 2 Titan M320N
136,€32,LGK4 2017 noir Dual Sim M160
106,€28,LGLgx210 8Go Blanc
109,€08,LGK8 2017 Or Single Sim M200
138,€20,LGM250N K10 2017 Or / Noir
118,€75,LGK8 2017 Titane Single Sim M200
267,€53,LGG4 H815 32Go gris métallique débloqué
145,€00,LGK8 2017 Titan Dual Sim M200
152,€40,"LGM320n X Power 2 - 16Go, 2Go Ram - Gris"
152,€40,"LGM320n X Power 2 - 16Go, 2Go Ram - Bleu"
140,€00,LGK10 Blue Import
136,€60,LGK10 2017 Oro Dual Sim M250
768,€68,LGG5 H850 Sim unique 4G 32Go Or
735,€70,LGG7 ThinQ 4Go/64Go Noir
133,€88,LGK10 2017 Titan M250
261,€98,LGX Power 2 Bleu M320N
176,€47,LGK10 K420N Sim unique 4G 16Go Noir
173,€13,LGK10 2017 Dual SIM M250
144,€00,LGLm-x210EM K9 Noir
179,€00,LGX Power Titan K220
,,
627,€70,SamsungGalaxy S8 - Rose
615,€00,SamsungGalaxy S9 - Noir Carbone
698,€50,SamsungGalaxy S9 Plus - Ultra Violet
539,€00,SamsungGalaxy S7 - Rose
446,€88,SamsungG935 Galaxy S7 Edge 32 Go Noir
524,€30,SamsungGalaxy S8 - Orchidée
779,€00,SamsungGalaxy S8 Plus - Noir Carbone
468,€44,SamsungGalaxy S8 - Noir Carbone
218,€18,"SamsungA320 Galaxy A3 2017, Noir"
866,€00,SamsungGalaxy S9 Plus - 256 Go - Noir
239,€00,SamsungGalaxy J7 2017 - Noir
158,€26,"SamsungJ330FN Galaxy J3 2017, Noir"
779,€00,SamsungGalaxy S8 Plus - Argent Polaire
295,€98,SamsungGalaxy A6 - Double SIM - Bleu Argenté
779,€00,SamsungGalaxy S8 Plus - Orchidée
779,€00,SamsungGalaxy S8 Plus - Bleu
390,€79,SamsungGalaxy S7 Sm-g930F Sim unique 4G 32Go Noir
119,€00,SamsungGalaxy J3 2016 - Or
451,€27,SamsungGalaxy A8 - Noir Carbone
241,€00,SamsungGalaxy J7 2017 - Or
195,€02,"SamsungJ330FN Galaxy J3 2017, Argent"
160,€91,"SamsungJ330FN Galaxy J3 2017, Or"
238,€90,"SamsungJ730F/DS Galaxy J7 2017, Double Sim Argent"
765,€15,SamsungGalaxy S9 Plus - Noir Carbone
,,
148,€00,HUAWEIY6 2018 - Noir
246,€88,HUAWEIP10 Lite Noir
855,€00,HUAWEIP20 Pro - Bleu
199,€00,HUAWEIY7 2018 - Bleu
179,€00,HUAWEIP8 Lite 2017 - Blanc + Flip Cover P8 Lite 2017 - Noir
155,€82,"HUAWEIP8 Lite 2017, Double Sim Or"
179,€00,HUAWEIP8 Lite 2017 - Blanc
179,€90,"HUAWEIP8 Lite 2017, Double Sim Bleu"
199,€99,HUAWEIP Smart - Or
199,€99,HUAWEIP Smart - Noir
89,€00,HuaweiY5 Y560 Noir Double Sim
148,€00,HUAWEIY6 2018 - Or
201,€88,HUAWEIP Smart - Bleu
155,€58,HuaweiHonor 6A Double Sim Or
119,€50,HUAWEISmartphone Y6 Pro - Or
141,€40,HuaweiP9 lite mini Double Sim Argent
143,€38,HUAWEIY5 2018 - Double SIM - Bleu
348,€88,"HuaweiP20 Lite - 64Go, 4Go Ram - Noir"
199,€00,HUAWEIY7 2018 - Noir
659,€90,HUAWEIMate 10 Pro - 128 Go - Marron
257,€00,"HuaweiP10 Lite - Double Sim - 32Go, 3Go Ram - Or"
361,€88,HUAWEIP10 - 64 Go - Noir
205,€23,HUAWEIP8 Lite 2016 - Noir
199,€00,HUAWEIP8 Lite 2017 - Or + Flip Cover P8 Lite 2017 - Noir
,,
182,€88,"LGK10 4G K420N, Sim unique 4G 16Go Blanc"
234,€67,"LGK10 K420N Sim unique 4G 16Go Noir, Bleu"
445,€88,LGH791 Nexus 5X 32GB glace
156,€27,LGK500 X Screen Blanc
324,€38,"LGG6 32Go, Noir Astro"
225,€95,LGQ6 - 32 Go - Platinium
135,€43,LGK10 2017 Oro M250
142,€02,LGK580 Xcam Titan Argent
92,€61,LGK4 2017 Noir Simple Sim M160
217,€43,LGK10 2017 Noir
,,
266,€00,"SonyG3121 Xperia Xa1 - 32Go, 3Go Ram - Or"
373,€80,SonyXperia Xz1 Noir G8341
179,€90,SONYXperia L1 - G3312 - Noir
105,€00,"SonyXperia E4G E2003 blanc, Single Sim, débloqué"
214,€99,SONYXperia L2 - Double SIM - Or
511,€39,SonyXperia Xz1 Bleu G8341
472,€23,SONYXperia XZ - 32 Go - Noir
281,€85,SonyXperia X Compact F5321 Noir
214,€99,SONYXperia L2 - Double SIM - Rose
509,€12,SonyXperia X Compact 4G 32Go Blanc
309,€00,SonyXperia Xa2 Noir
187,€46,SonyXperia E5 Sim unique 4G 16Go Blanc
179,€00,SonyXperia L1 noir G3311
242,€98,SonyXperia Xa1 Double Sim 4G 32Go Or
307,€58,SonyXperia X 4G 32Go Blanc
315,€00,SonyXperia Xa1 Ultra noir
264,€38,SonyXperia X 4G 32Go Noir
221,€27,SonyG3311 Xperia L1 Blanc
231,€04,SONYSmartphone XPERIA Z BLANC
526,€64,SonyXperia Z5 Compact Sim unique 4G 32Go Noir
339,€00,SonyXperia Xa2 Bleu
294,€58,SonyXperia X Compact 4G 32Go Bleu
147,€56,SonyXperia Xa Noir débloqué F3111
474,€60,SonyXperia Xz Premium Rose G8141
,,
389,€00,HonorView 10 4G+64G- Rouge
169,€99,Honor9 Lite - Blanc
389,€00,HonorView 10 4G+64G- Or
405,€60,HONOR8 Blanc
482,€99,HonorView 10 6G+128G - Or
419,€99,HonorView 10 6G+64G - Or
236,€00,Honor9 Lite 64G - Gris
191,€20,HONOR6C Pro - Noir
236,€00,Honor9 Lite 64G - Blanc
180,€00,"Honor7 Lite Double Sim 4G 16Go Noir, Gris"
277,€00,HONOR8 Noir
317,€56,HonorHuawei 6X Double Sim 4G 64Go Gris
419,€99,HonorView 10 6G+64G- Rouge
174,€99,Honor9 Lite - Gris
328,€12,Honor9 Double Sim 4G 64Go Noir
425,€60,Honor10 4Go/64Go Vert Double Sim
119,€90,HONORSmartphone 7S - 16 Go - 4748930 - Noir
243,€60,HONOR6C - Argent
248,€06,HONOR6C Pro - Or
119,€90,HONORSmartphone 7S - 16 Go - 4772721 - Bleu
598,€00,HONOR8 PRO - Noir
318,€02,Honor6X Pro - Argent
173,€88,Honor7A 2Go/16Go Noir Double Sim
221,€88,Honor6X Double Sim 4G 32Go Or
,,
295,€98,SamsungGalaxy A6 - Double SIM - Or
345,€95,SamsungGalaxy A6 Plus - Double SIM - 32Go - Noir
256,€98,SamsungGalaxy J6 - Double SIM - Noir
685,€01,SamsungGalaxy Note 8 - Or Topaze - Version Française
451,€27,SamsungGalaxy A8 - Orchidée
197,€50,"SamsungJ530 Galaxy J5 2017, Bleu"
241,€88,"SamsungGalaxy A6 2018, 3Go/32Go Noir"
298,€98,SamsungGalaxy A6 - Double SIM - Noir
740,€09,SamsungGalaxy Note 8 - Noir Carbone - Version Française
500,€68,SamsungGalaxy S8 - Argent Polaire
219,€35,"SamsungA320 Galaxy A3 2017, Rose"
537,€52,SamsungGalaxy S8 Plus - Argent Polaire
779,€00,SamsungGalaxy S8 Plus - Rose
196,€50,"SamsungGalaxy Xcover 4 16Go, Noir"
226,€17,"SamsungA320 Galaxy A3 2017, Bleu"
348,€00,SamsungGalaxy A6 Plus - Double SIM - 32Go - Orchidée
124,€28,"SamsungJ320 Galaxy J3 2016, Noir"
989,€00,SamsungGalaxy S9 - 256 Go - Noir
670,€99,SamsungN950F Galaxy Note 8 Double Sim Noir
574,€76,SamsungGalaxy S8 Plus - Orchidée
705,€47,SamsungGalaxy S9 - Bleu Corail
195,€09,"SamsungJ530 Galaxy J5 2017, Double Sim Noir"
152,€00,"SamsungJ330 Galaxy J3 2017, Double Sim Noir"
232,€10,"SamsungJ730F/DS Galaxy J7 2017, Double Sim Noir"
,,
340,€08,"HuaweiP9 4G 32Go Noir, Gris"
276,€34,"HuaweiP10 Lite - Double Sim - 32Go, 3Go Ram - Blanc"
123,€30,"HUAWEIY6 2017, Double Sim Gris"
144,€30,HuaweiP9 lite mini Double Sim Noir
199,€99,HuaweiHonor- 7X 32G - Bleu
249,€38,HUAWEIMate 10 Lite - Or
141,€40,HuaweiP9 lite mini Double Sim Or
219,€88,HuaweiHonor- 7X 64G - Bleu
183,€40,HUAWEIP9 Lite - Noir
468,€90,HUAWEIMate 9 - 64 Go - Gris
229,€99,HuaweiHonor 6X Double Sim Argent
365,€88,"HuaweiP20 Lite - 64Go, 4Go Ram - Bleu"
242,€50,"HuaweiP Smart - 32Go, 3Go Ram - Noir"
259,€44,HUAWEIP9 Lite - Noir
310,€99,HUAWEIP20 Lite - Or
667,€50,"HuaweiP20 - 128Go, 4Go Ram - Noir"
234,€08,HUAWEICannes Or
195,€98,HUAWEIHonor 6X Double Sim Gris
199,€99,HuaweiHonor- 7X 32G - Noir
224,€78,HUAWEIP9 Lite - Or
667,€50,"HuaweiP20 - 128Go, 4Go Ram - Bleu"
264,€50,HuaweiHonor 8 Double Sim Blanc
243,€71,HuaweiMate S Rose débloqué
472,€10,"HuaweiP10 Double Sim - 64Go, 4Go Ram - Argent"
,,
119,€90,HONORSmartphone 7S - 16 Go - 4778045 - Or
246,€40,Honor5X Double Sim 4G 16Go Gris
369,€60,HONOR8 Premium
256,€11,HONOR5C - Argent
598,€00,HONOR8 PRO - Or
299,€66,HONOR6 Plus noir
489,€34,Honor8 Pro Bleu Dual Sim
323,€77,HONOR6C - Or
128,€55,Honor7S 2Go/16Go Bleu Double Sim
164,€84,Honor7A 2Go/16Go Bleu Double Sim
,,
435,€28,HuaweiP9 4G 32Go Argent
211,€00,HuaweiHonor 8 Lite Double Sim Bleu
648,€00,HUAWEIMate 9 Pro - 128 Go - Gris
185,€60,"HuaweiP8 Lite 2017, Or"
274,€00,"HuaweiSamsung A600FN/DS Galaxy A6 - Double Sim - 32Go, 3Go Ram - Or"
616,€00,HUAWEISmartphone Mate 8 - 32 Go - Blanc
472,€26,HuaweiVodafone P9 Plus Sim unique 4G 64Go Gris
220,€54,HuaweiY7 4G Dual Sim Argent
134,€40,HuaweiNova Young Gris
134,€40,HuaweiNova Young Or
134,€40,HuaweiNova Young Blanc
635,€00,HUAWEIMate 9 Pro - 128 Go - Or
211,€00,HuaweiHonor 8 Lite Double Sim Noir
269,€10,HuaweiP9 Lite 2017 Double Sim Or
181,€63,HuaweiNova Lite Plus Gris
150,€00,"HuaweiNova Smart - 16Go, 2Go Ram - Gris"
599,€00,HUAWEIP10 - 64 Go - Blanc
506,€88,"HuaweiP20 Smartphone Débloqué Ecran 5,8 pouces 128 Go Double Sim Android Noir"
242,€50,"HuaweiP Smart - 32Go, 3Go Ram - Bleu"
277,€95,HUAWEIY6 - Noir
352,€50,HuaweiMate S 128 Gb Or
134,€40,HuaweiNova Young Blanc / Bleu
915,€93,HuaweiP20 Pro 128Go Noir
568,€00,HuaweiP10 Plus Noir Single Sim
,,
392,€09,SONYXperia X Compact - 32 Go - Blanc
342,€00,SonyXperia Xa2 Rose
326,€00,SonyXperia Xa1 Ultra blanc
246,€17,"SonyXperia M4 Aqua Sim unique 4G 8Go Corail, Rouge"
392,€97,SONYXperia Z5 - Single Sim - Blanc
361,€20,SonyXperia Xzs noir G8231
324,€55,SonyXperia Z2 D6503 noir débloqué
438,€53,SonyXperia X Double Sim 4G 32Go Rose doré
339,€90,SonyXperia Xa2 Plata
532,€34,SonyXperia Xzs argent G8231
786,€24,SONYXperia Z5 pink
246,€24,SonyE5603 Xperia M5 Blanc
365,€05,"SonyG3121 Xperia Xa1 - 32Go, 3Go Ram - Blanc"
151,€90,SonyE5603 Xperia M5 Or
475,€94,SonyXperia Xz 4G 32Go Platine
552,€15,SONYXperia Z3 noir - 16 Go
209,€00,SonyXperia L1 blanc G3311
246,€24,SonyXperia M5 blanc débloqué
199,€99,SONYXperia XA1 Plus - Double SIM - Noir
336,€97,SonyXperia Z5 Dual Or
,,
553,€60,SamsungG935 Galaxy S7 Edge 32 Go Or
157,€20,"SamsungJ330 Galaxy J3 2017, Double Sim Argent"
781,€58,SamsungGalaxy S9 Plus - Bleu Corail
316,€10,"SamsungGalaxy A6 2018, 3Go/32Go Or"
705,€47,SamsungGalaxy S9 - Ultra Violet
269,€00,SamsungGalaxy J6 - Double SIM - Bleu Argenté
183,€05,"SamsungGalaxy J5 2017, Noir Dual Sim J530"
251,€99,SamsungGalaxy J6 - Double SIM - Or
781,€58,SamsungGalaxy S9 Plus - Ultra Violet
156,€38,"SamsungJ320 Galaxy J3 2016, Double Sim Or"
451,€27,SamsungGalaxy A8 - Or Topaze
206,€58,"SamsungJ530 Galaxy J5 2017, Double Sim Or"
419,€53,SamsungG930 Galaxy S7 32 Go Or
348,€90,SamsungGalaxy A6 Plus - Double SIM - 32Go - Or
134,€71,"SamsungJ320 Galaxy J3 2016, Blanc"
152,€40,"SamsungJ330 Galaxy J3 2017, Double Sim Or"
119,€50,"SamsungGalaxy J3 2016, Sm-j320F 4G 8Go Noir"
679,€00,SamsungN950F Galaxy Note 8 Bleu
512,€21,SamsungG930 Galaxy S7 32 Go Rose Gold
667,€47,SamsungGalaxy S8 - Rose
679,€00,SamsungN950F Galaxy Note 8 Double Sim Or
688,€90,SamsungGalaxy S8 Plus - Noir Carbone
533,€00,SamsungGalaxy S8 noir G950
387,€80,SamsungG930 Galaxy S7 32 Go Blanc
,,
150,€00,"HuaweiNova Smart - 16Go, 2Go Ram - Argent"
134,€40,HuaweiNova Young Blanc / Rose
312,€78,HUAWEIP10 Lite - 32 Go - Blanc
599,€00,HuaweiMate 10 4+64GB Noir Double Sim
474,€83,HuaweiP10 Oro Dual Sim
269,€34,HuaweiP9 Lite 2017 Double Sim Blanc
468,€90,HUAWEIMate 9 - 64 Go - Or
463,€27,HuaweiP10 or Single Sim
410,€53,HuaweiNova 2 Noir Double Sim
468,€80,HuaweiMate 9 argent Single Sim
217,€00,HuaweiY7 4G Dual Sim Or
468,€90,HUAWEIMate 9 - 64 Go - Argent
241,€78,HuaweiHonor 5C Double Sim Argent
205,€95,HuaweiP9 Lite 2017 Double Sim Blanc
199,€44,HUAWEISmartphone Y6 II - 16 Go - 51090PAX - Noir
221,€65,HuaweiY7 4G Dual Sim Gris
476,€47,HuaweiP10 Vert Dual Sim
446,€60,HuaweiP9 Plus Gris
460,€60,HuaweiMate 9 Gris Single Sim
337,€81,HUAWEICannes - Argent
477,€50,HuaweiNova 2 Or Double Sim
455,€35,HuaweiMate 9 Noir Single Sim
539,€90,HUAWEIMate 9 - 64 Go - Noir
175,€55,HuaweiY5II Dual Sim Or
,,
788,€00,"SamsungG965 Galaxy S9 Plus - 64Go, 6Go Ram - Bleu"
712,€18,"SamsungG960 Galaxy S9 - 64Go, 4Go Ram - Noir"
263,€25,"SamsungA600FN Galaxy A6 - 32Go, 3Go Ram - Violet"
291,€95,"SamsungGalaxy J7 2017, Noir Dual Sim J730FN"
183,€40,"SamsungGalaxy J5 2017, Bleu Dual Sim J530"
155,€38,"SamsungJ320 Galaxy J3 2016, Double Sim Noir"
169,€90,SamsungSmartphone Galaxy J2 2018 16 Go - SM-J250YZDDXEF - Or
1137,€04,SamsungGalaxy S9 Plus - 256 Go - Noir
203,€45,SamsungA320F Galaxy A3 2017bleu
554,€00,SamsungGalaxy S8 Plus Noir G955
553,€60,SamsungG935 Galaxy S7 Edge 32 Go Bleu
148,€40,"SamsungGalaxy J3 2017, Noir Dual Sim"
476,€00,SamsungGalaxy S6 32Go bleu
270,€40,SamsungGalaxy J5 2016 - Blanc
169,€90,SamsungSmartphone Galaxy J2 2018 16 Go - SM-J250YZKDXEF - Noir
553,€60,SamsungGalaxy S7 Edge Silver
1015,€89,SamsungGalaxy Note 8 - Bleu Roi - Version Française
599,€00,SamsungG935 Galaxy S7 Edge 32 Go Noir
738,€03,SamsungGalaxy S8 Plus - Bleu
279,€08,SamsungGalaxy J7 2016 - Noir
553,€60,SamsungGalaxy S7 Edge - Rose
192,€60,"SamsungJ530 Galaxy J5 2017, Double Sim Bleu Silver"
511,€00,SamsungGalaxy S7 Edge G935F Rose Or 32Go débloqué
223,€22,SamsungGalaxy S4 Mini i9195 débloqué - blanc
,,
145,€50,"HuaweiY6 2018 16Go, 2Go Ram - Noir"
388,€01,HuaweiNova 2 Bleu Double Sim
339,€14,HuaweiP9 Lite Single Sim 3Go Or débloqué
925,€50,"HuaweiP20 Pro - 128Go, 6Go Ram - Bleu nuit"
348,€60,HuaweiNova Or Single Sim
220,€48,HuaweiY6 Ii Double Sim 4G 16Go Or
229,€00,HUAWEIP8 Lite 2017 Noir + Flip Cover P8 Lite 2017 - Noir + Powerbank 6600 mAh - Gris rubber
158,€48,HuaweiY5 Ii Double Sim 4G 8Go Or
199,€00,HUAWEIP8 Lite 2017 Or + Flip Cover P8 Lite 2017 - Noir + Powerbank 6600 mAh - Gris rubber
229,€00,HUAWEIP8 Lite 2017 Blanc + Flip Cover P8 Lite 2017 - Noir + Powerbank 6600 mAh - Gris rubber
,,
484,€54,SamsungGalaxy S6 Edge G925F 32Gb Gold débloqué
429,€18,SamsungGalaxy S7 Sm-g930F Sim unique 4G 32Go Noir
156,€38,"SamsungGalaxy J3 2016, Sm-j320F Double Sim 4G 8Go Or"
291,€48,"SamsungA310 Galaxy A3 2016, Rose Gold"
424,€30,SamsungGalaxy S7 - G930F - 32 Go - Noir
553,€60,SamsungG935 Galaxy S7 Edge 32 Go Blanc
123,€18,SamsungGalaxy J3 Sm-j320F Sim unique 4G 8Go Noir
768,€00,SamsungGalaxy S9+ Sm-g965F Double Sim 4G 64Go Noir
343,€28,SamsungGalaxy S5 neo Sim unique 4G 16Go Or
413,€00,"SamsungGalaxy A8 2018, Or 32 Gb Double Sim A530"
776,€69,SamsungGalaxy S8 Plus - Rose
519,€00,SamsungGalaxy S7 Silver
611,€68,SamsungGalaxy S8 Plus Orchidée Grise G955
429,€18,SamsungGalaxy S7 Sm-g930F Sim unique 4G 32Go Noir
413,€00,"SamsungGalaxy A8 2018, Gris 32 Go Double Sim A530"
599,€59,SamsungGalaxy S7 Edge - Or
860,€66,SamsungGalaxy Note 8 Dual Sim Or N950F
590,€80,SamsungGalaxy S8 Plus Argent G955
322,€93,"SamsungGalaxy J5 - 2017 16Go, Double Sim, Noir"
599,€00,SamsungG935 Galaxy S7 Edge 32 Go Or
242,€68,SamsungGalaxy S Iii mini Gt-i8200 Sim unique 8Go Bleu
694,€47,SamsungGalaxy S9 Sm-g960F Double Sim 4G 64Go Noir
694,€47,SamsungGalaxy S9 Sm-g960F Double Sim 4G 64Go Noir
699,€00,SamsungG935 Galaxy S7 Edge 32 Go Bleu
,,
694,€47,SamsungGalaxy S9 Sm-g960F Double Sim 4G 64Go Noir
424,€65,"SamsungGalaxy A8 2018, Noir 32 Go Double Sim A530"
324,€90,"SamsungA600FN/DS Galaxy A6 - Double Sim - 32Go, 3Go Ram - Noir"
154,€57,SamsungGalaxy J3 Sm-j320F Double Sim 4G 8Go Noir
1080,€56,SamsungGalaxy S9+ Sm-g965F Double Sim 4G 64Go Noir
1013,€61,SamsungGalaxy S9+ Sm-g965F Double Sim 4G 64Go Noir
435,€11,SamsungGalaxy S7 Sm-g930F Sim unique 4G 32Go Blanc
694,€47,SamsungGalaxy S9 Sm-g960F Double Sim 4G 64Go Noir
123,€18,"SamsungJ320 Galaxy J3 2016, Noir"
625,€69,SamsungGalaxy Tab Active T365N 4G Nfc 16 Go Vert Titane
201,€60,SamsungGalaxy Grand Prime Lte gris libre
435,€11,SamsungGalaxy S7 Sm-g930F Sim unique 4G 32Go Blanc
253,€97,SamsungGalaxy S5 mini Sm-g800F Sim unique 4G 16Go Blanc
151,€88,"SamsungJ320 Galaxy J3 2016, Double Sim Blanc"
343,€28,SamsungGalaxy S5 neo Sm-g903 Sim unique 4G 16Go Or
199,€90,SamsungGalaxy J3 2017 - SM-J330FZDNXEF - Or
343,€00,SamsungGalaxy S6 32Go blanc
255,€38,"SamsungJ510 Galaxy J5 2016, Double Sim Or"
151,€88,SamsungGalaxy J3 Sm-j320F Double Sim 4G 8Go Blanc
199,€90,SamsungGalaxy J3 2017 - SM-J330FZKNXEF - Noir
287,€47,"SamsungGalaxy J5 2016, Sm-j510F Sim unique 4G 16Go Noir"
415,€97,SamsungGalaxy S6 edge+ Sm-g928F Sim unique 4G 32Go Noir
959,€00,SamsungGalaxy Note 8 - Bleu Roi - Version Française
253,€38,SamsungGalaxy A3 2016 Blanc
,,
290,€04,"SamsungGalaxy J5 2016, Sm-j510F Double Sim 4G 16Go Or"
199,€90,SamsungGalaxy J3 2017 - SM-J330FZKNXEF - Noir
237,€80,SamsungJ600FN/DS Galaxy J6 Double Sim Noir
576,€38,SamsungGalaxy S6 edge Sm-g925F Sim unique 4G 32Go Noir
434,€37,SamsungGalaxy S6 edge Sm-g925F Sim unique 4G 32Go Or
285,€08,"SamsungA510 Galaxy A5 2016, Gold"
849,€00,SamsungGalaxy S9 - Noir Carbone
410,€00,SamsungGalaxy S6 Sm-g920F Sim unique 4G 32Go Blanc
949,€00,SamsungGalaxy S9 - 256 Go - Noir
,,
